project,language,loc,features,variability_impl_technology,method,recall,precision,fmeasure,performance
dragonflybsd,c,1949669,103,preprocessor,SVM,0.675068687541023,0.2245980931423947,0.3370562150726022,595.2383930683136
dragonflybsd,c,1949669,103,preprocessor,SGD,0.6982530290222597,0.5905124036345756,0.6398791650751073,0.08135509490966797
freebsd,c,2872915,177,preprocessor,SVM,0.757448309654192,0.2965812749166763,0.42625935485896704,1294.0479238033295
freebsd,c,2872915,177,preprocessor,SGD,0.6367687380845276,0.5247696687118958,0.5753695577786871,0.17698311805725098
netbsd,c,2008555,330,preprocessor,SVM,0.7651892013155391,0.25438264485724327,0.38182861478083957,2339.782147884369
netbsd,c,2008555,330,preprocessor,SGD,0.6291213401373936,0.5012463710580555,0.5579508076456788,0.3356659412384033
openbsd,c,1556157,299,preprocessor,SVM,0.7835851058959178,0.24506386534583108,0.3733603984388689,3008.2497861385345
openbsd,c,1556157,299,preprocessor,SGD,0.5068871856267709,0.5069479814070151,0.5069175816940489,0.4577782154083252
